year,mark,min_rank,max_rank,count,max_percentile,min_percentile,total_students
2025,200,1,141,141,100.0,99.94,239299
2025,199,142,717,576,99.94,99.7,239299
2025,198,718,1511,794,99.7,99.37,239299
2025,197,1512,2511,1000,99.37,98.95,239299
2025,196,2512,3769,1258,98.95,98.43,239299
2025,195,3770,5251,1482,98.42,97.81,239299
2025,194,5252,6842,1591,97.81,97.14,239299
2025,193,6843,8458,1616,97.14,96.47,239299
2025,192,8459,10206,1748,96.47,95.74,239299
2025,191,10207,12003,1797,95.74,94.98,239299
2025,190,12004,13958,1955,94.98,94.17,239299
2025,189,13959,15973,2015,94.17,93.33,239299
2025,188,15974,18070,2097,93.33,92.45,239299
2025,187,18071,20242,2172,92.45,91.54,239299
2025,186,20243,22415,2173,91.54,90.63,239299
2025,185,22416,24661,2246,90.63,89.69,239299
2025,184,24662,27009,2348,89.69,88.71,239299
2025,183,27010,29405,2396,88.71,87.71,239299
2025,182,29406,31745,2340,87.71,86.73,239299
2025,181,31746,34187,2442,86.73,85.71,239299
2025,180,34188,36665,2478,85.71,84.68,239299
2025,179,36666,39145,2480,84.68,83.64,239299
2025,178,39146,41683,2538,83.64,82.58,239299
2025,177,41684,44263,2580,82.58,81.5,239299
2025,176,44264,46864,2601,81.5,80.42,239299
2025,175,46865,49465,2601,80.42,79.33,239299
2025,174,49466,52126,2661,79.33,78.22,239299
2025,173,52127,54849,2723,78.22,77.08,239299
2025,172,54850,57554,2705,77.08,75.95,239299
2025,171,57555,60309,2755,75.95,74.8,239299
2025,170,60310,63083,2774,74.8,73.64,239299
2025,169,63084,65764,2681,73.64,72.52,239299
2025,168,65765,68506,2742,72.52,71.37,239299
2025,167,68507,71324,2818,71.37,70.2,239299
2025,166,71325,74084,2760,70.19,69.04,239299
2025,165,74085,76903,2819,69.04,67.86,239299
2025,164,76904,79775,2872,67.86,66.66,239299
2025,163,79776,82637,2862,66.66,65.47,239299
2025,162,82638,85441,2804,65.47,64.3,239299
2025,161,85442,88339,2898,64.3,63.08,239299
2025,160,88340,91153,2814,63.08,61.91,239299
2025,159,91154,94067,2914,61.91,60.69,239299
2025,158,94068,96947,2880,60.69,59.49,239299
2025,157,96948,99804,2857,59.49,58.29,239299
2025,156,99805,102635,2831,58.29,57.11,239299
2025,155,102636,105405,2770,57.11,55.95,239299
2025,154,105406,108273,2868,55.95,54.75,239299
2025,153,108274,111070,2797,54.75,53.59,239299
2025,152,111071,113984,2914,53.59,52.37,239299
2025,151,113985,116778,2794,52.37,51.2,239299
2025,150,116779,119537,2759,51.2,50.05,239299
2025,149,119538,122376,2839,50.05,48.86,239299
2025,148,122377,125202,2826,48.86,47.68,239299
2025,147,125203,127899,2697,47.68,46.55,239299
2025,146,127900,130689,2790,46.55,45.39,239299
2025,145,130690,133560,2871,45.39,44.19,239299
2025,144,133561,136394,2834,44.19,43.0,239299
2025,143,136395,139046,2652,43.0,41.89,239299
2025,142,139047,141786,2740,41.89,40.75,239299
2025,141,141787,144465,2679,40.75,39.63,239299
2025,140,144466,147216,2751,39.63,38.48,239299
2025,139,147217,149918,2702,38.48,37.35,239299
2025,138,149919,152554,2636,37.35,36.25,239299
2025,137,152555,155230,2676,36.25,35.13,239299
2025,136,155231,157731,2501,35.13,34.09,239299
2025,135,157732,160389,2658,34.09,32.98,239299
2025,134,160390,163095,2706,32.98,31.85,239299
2025,133,163096,165752,2657,31.84,30.73,239299
2025,132,165753,168373,2621,30.73,29.64,239299
2025,131,168374,170916,2543,29.64,28.58,239299
2025,130,170917,173496,2580,28.58,27.5,239299
2025,129,173497,175951,2455,27.5,26.47,239299
2025,128,175952,178300,2349,26.47,25.49,239299
2025,127,178301,180633,2333,25.49,24.52,239299
2025,126,180634,182999,2366,24.52,23.53,239299
2025,125,183000,185313,2314,23.53,22.56,239299
2025,124,185314,187647,2334,22.56,21.59,239299
2025,123,187648,189888,2241,21.58,20.65,239299
2025,122,189889,192163,2275,20.65,19.7,239299
2025,121,192164,194418,2255,19.7,18.76,239299
2025,120,194419,196610,2192,18.76,17.84,239299
2025,119,196611,198701,2091,17.84,16.97,239299
2025,118,198702,200689,1988,16.97,16.14,239299
2025,117,200690,202623,1934,16.13,15.33,239299
2025,116,202624,204611,1988,15.33,14.5,239299
2025,115,204612,206614,2003,14.5,13.66,239299
2025,114,206615,208566,1952,13.66,12.84,239299
2025,113,208567,210477,1911,12.84,12.04,239299
2025,112,210478,212374,1897,12.04,11.25,239299
2025,111,212375,214167,1793,11.25,10.5,239299
2025,110,214168,215928,1761,10.5,9.77,239299
2025,109,215929,217663,1735,9.77,9.04,239299
2025,108,217664,219344,1681,9.04,8.34,239299
2025,107,219345,220955,1611,8.34,7.67,239299
2025,106,220956,222518,1563,7.67,7.01,239299
2025,105,222519,223987,1469,7.01,6.4,239299
2025,104,223988,225298,1311,6.4,5.85,239299
2025,103,225299,226527,1229,5.85,5.34,239299
2025,102,226528,227692,1165,5.34,4.85,239299
2025,101,227693,228713,1021,4.85,4.42,239299
2025,100,228714,229701,988,4.42,4.01,239299
2025,99,229702,230593,892,4.01,3.64,239299
2025,98,230594,231443,850,3.64,3.28,239299
2025,97,231444,232216,773,3.28,2.96,239299
2025,96,232217,232954,738,2.96,2.65,239299
2025,95,232955,233692,738,2.65,2.34,239299
2025,94,233693,234371,679,2.34,2.06,239299
2025,93,234372,234988,617,2.06,1.8,239299
2025,92,234989,235556,568,1.8,1.56,239299
2025,91,235557,236126,570,1.56,1.33,239299
2025,90,236127,236555,429,1.33,1.15,239299
2025,89,236556,236991,436,1.15,0.96,239299
2025,88,236992,237389,398,0.96,0.8,239299
2025,87,237390,237769,380,0.8,0.64,239299
2025,86,237770,238104,335,0.64,0.5,239299
2025,85,238105,238381,277,0.5,0.38,239299
2025,84,238382,238619,238,0.38,0.28,239299
2025,83,238620,238826,207,0.28,0.2,239299
2025,82,238827,239005,179,0.2,0.12,239299
2025,81,239006,239131,126,0.12,0.07,239299
2025,80,239132,239285,154,0.07,0.01,239299
2025,79,239286,239295,10,0.01,0.0,239299
2025,78,239296,239297,2,0.0,0.0,239299
2025,77,239298,239299,2,0.0,0.0,239299
2024,200,1,65,65,100.0,99.97,197601
2024,199,66,386,321,99.97,99.81,197601
2024,198,387,869,483,99.8,99.56,197601
2024,197,870,1476,607,99.56,99.25,197601
2024,196,1477,2104,628,99.25,98.94,197601
2024,195,2105,2862,758,98.94,98.55,197601
2024,194,2863,3758,896,98.55,98.1,197601
2024,193,3759,4756,998,98.1,97.59,197601
2024,192,4757,5939,1183,97.59,96.99,197601
2024,191,5940,7240,1301,96.99,96.34,197601
2024,190,7241,8814,1574,96.34,95.54,197601
2024,189,8815,10252,1438,95.54,94.81,197601
2024,188,10253,11722,1470,94.81,94.07,197601
2024,187,11723,13178,1456,94.07,93.33,197601
2024,186,13179,14744,1566,93.33,92.54,197601
2024,185,14745,16321,1577,92.54,91.74,197601
2024,184,16322,17931,1610,91.74,90.93,197601
2024,183,17932,19571,1640,90.93,90.1,197601
2024,182,19572,21352,1781,90.1,89.19,197601
2024,181,21353,23093,1741,89.19,88.31,197601
2024,180,23094,24900,1807,88.31,87.4,197601
2024,179,24901,26654,1754,87.4,86.51,197601
2024,178,26655,28517,1863,86.51,85.57,197601
2024,177,28518,30348,1831,85.57,84.64,197601
2024,176,30349,32262,1914,84.64,83.67,197601
2024,175,32263,34097,1835,83.67,82.75,197601
2024,174,34098,35957,1860,82.74,81.8,197601
2024,173,35958,38004,2047,81.8,80.77,197601
2024,172,38005,39926,1922,80.77,79.8,197601
2024,171,39927,41925,1999,79.79,78.78,197601
2024,170,41926,43996,2071,78.78,77.74,197601
2024,169,43997,46093,2097,77.73,76.67,197601
2024,168,46094,48079,1986,76.67,75.67,197601
2024,167,48080,50089,2010,75.67,74.65,197601
2024,166,50090,52168,2079,74.65,73.6,197601
2024,165,52169,54284,2116,73.6,72.53,197601
2024,164,54285,56369,2085,72.53,71.47,197601
2024,163,56370,58441,2072,71.47,70.43,197601
2024,162,58442,60583,2142,70.42,69.34,197601
2024,161,60584,62694,2111,69.34,68.27,197601
2024,160,62695,64861,2167,68.27,67.18,197601
2024,159,64862,66998,2137,67.18,66.09,197601
2024,158,66999,69207,2209,66.09,64.98,197601
2024,157,69208,71382,2175,64.98,63.88,197601
2024,156,71383,73535,2153,63.88,62.79,197601
2024,155,73536,75718,2183,62.79,61.68,197601
2024,154,75719,77916,2198,61.68,60.57,197601
2024,153,77917,80094,2178,60.57,59.47,197601
2024,152,80095,82252,2158,59.47,58.38,197601
2024,151,82253,84528,2276,58.37,57.22,197601
2024,150,84529,86751,2223,57.22,56.1,197601
2024,149,86752,88996,2245,56.1,54.96,197601
2024,148,88997,91228,2232,54.96,53.83,197601
2024,147,91229,93482,2254,53.83,52.69,197601
2024,146,93483,95672,2190,52.69,51.58,197601
2024,145,95673,97881,2209,51.58,50.47,197601
2024,144,97882,100170,2289,50.47,49.31,197601
2024,143,100171,102342,2172,49.31,48.21,197601
2024,142,102343,104602,2260,48.21,47.06,197601
2024,141,104603,106812,2210,47.06,45.95,197601
2024,140,106813,109119,2307,45.95,44.78,197601
2024,139,109120,111415,2296,44.78,43.62,197601
2024,138,111416,113581,2166,43.62,42.52,197601
2024,137,113582,115789,2208,42.52,41.4,197601
2024,136,115790,117971,2182,41.4,40.3,197601
2024,135,117972,120169,2198,40.3,39.19,197601
2024,134,120170,122385,2216,39.19,38.07,197601
2024,133,122386,124598,2213,38.06,36.95,197601
2024,132,124599,126822,2224,36.94,35.82,197601
2024,131,126823,129020,2198,35.82,34.71,197601
2024,130,129021,131292,2272,34.71,33.56,197601
2024,129,131293,133364,2072,33.56,32.51,197601
2024,128,133365,135447,2083,32.51,31.45,197601
2024,127,135448,137571,2124,31.45,30.38,197601
2024,126,137572,139713,2142,30.38,29.3,197601
2024,125,139714,141933,2220,29.3,28.17,197601
2024,124,141934,144016,2083,28.17,27.12,197601
2024,123,144017,146053,2037,27.12,26.09,197601
2024,122,146054,148195,2142,26.09,25.0,197601
2024,121,148196,150294,2099,25.0,23.94,197601
2024,120,150295,152334,2040,23.94,22.91,197601
2024,119,152335,154328,1994,22.91,21.9,197601
2024,118,154329,156249,1921,21.9,20.93,197601
2024,117,156250,158230,1981,20.93,19.93,197601
2024,116,158231,160176,1946,19.92,18.94,197601
2024,115,160177,162112,1936,18.94,17.96,197601
2024,114,162113,164111,1999,17.96,16.95,197601
2024,113,164112,165909,1798,16.95,16.04,197601
2024,112,165910,167612,1703,16.04,15.18,197601
2024,111,167613,169271,1659,15.18,14.34,197601
2024,110,169272,170876,1605,14.34,13.53,197601
2024,109,170877,172419,1543,13.52,12.74,197601
2024,108,172420,174011,1592,12.74,11.94,197601
2024,107,174012,175521,1510,11.94,11.17,197601
2024,106,175522,197601,1497,11.17,0.0,197601
2024,105,177019,178428,1410,10.42,9.7,197601
2024,104,178429,179803,1375,9.7,9.01,197601
2024,103,179804,181052,1249,9.01,8.38,197601
2024,102,181053,182259,1207,8.37,7.76,197601
2024,101,182260,183440,1181,7.76,7.17,197601
2024,100,183441,184575,1135,7.17,6.59,197601
2024,99,184576,185612,1037,6.59,6.07,197601
2024,98,185613,186607,995,6.07,5.56,197601
2024,97,186608,187572,965,5.56,5.08,197601
2024,96,187573,188562,990,5.08,4.57,197601
2024,95,188563,189477,915,4.57,4.11,197601
2024,94,189478,190320,843,4.11,3.69,197601
2024,93,190321,191146,826,3.68,3.27,197601
2024,92,191147,191913,767,3.27,2.88,197601
2024,91,191914,192620,707,2.88,2.52,197601
2024,90,192621,193332,712,2.52,2.16,197601
2024,89,193333,193977,645,2.16,1.83,197601
2024,88,193978,194563,586,1.83,1.54,197601
2024,87,194564,195135,572,1.54,1.25,197601
2024,86,195136,195636,501,1.25,0.99,197601
2024,85,195637,196091,455,0.99,0.76,197601
2024,84,196092,196457,366,0.76,0.58,197601
2024,83,196458,196800,343,0.58,0.41,197601
2024,82,196801,197127,327,0.41,0.24,197601
2024,81,197128,197343,216,0.24,0.13,197601
2024,80,197344,197581,238,0.13,0.01,197601
2024,79,197582,197591,10,0.01,0.01,197601
2024,78,197592,197598,7,0.01,0.0,197601
2024,77,197599,197601,3,0.0,0.0,197601
2023,200,1,102,102,100.0,99.94,176744
2023,199,103,507,405,99.94,99.71,176744
2023,198,508,1055,548,99.71,99.4,176744
2023,197,1056,1634,579,99.4,99.08,176744
2023,196,1635,2269,635,99.08,98.72,176744
2023,195,2270,2911,642,98.72,98.35,176744
2023,194,2912,3586,675,98.35,97.97,176744
2023,193,3587,4390,804,97.97,97.52,176744
2023,192,4391,5337,947,97.52,96.98,176744
2023,191,5338,6391,1054,96.98,96.38,176744
2023,190,6392,7706,1315,96.38,95.64,176744
2023,189,7707,8723,1017,95.64,95.07,176744
2023,188,8724,9734,1011,95.06,94.49,176744
2023,187,9735,10749,1015,94.49,93.92,176744
2023,186,10750,11869,1120,93.92,93.29,176744
2023,185,11870,12970,1101,93.28,92.66,176744
2023,184,12971,14133,1163,92.66,92.0,176744
2023,183,14134,15233,1100,92.0,91.38,176744
2023,182,15234,16431,1198,91.38,90.7,176744
2023,181,16432,17621,1190,90.7,90.03,176744
2023,180,17622,18825,1204,90.03,89.35,176744
2023,179,18826,20135,1310,89.35,88.61,176744
2023,178,20136,21443,1308,88.61,87.87,176744
2023,177,21444,22761,1318,87.87,87.12,176744
2023,176,22762,24186,1425,87.12,86.32,176744
2023,175,24187,25561,1375,86.32,85.54,176744
2023,174,25562,27026,1465,85.54,84.71,176744
2023,173,27027,28430,1404,84.71,83.92,176744
2023,172,28431,29914,1484,83.91,83.08,176744
2023,171,29915,31524,1610,83.07,82.16,176744
2023,170,31525,33054,1530,82.16,81.3,176744
2023,169,33055,34632,1578,81.3,80.41,176744
2023,168,34633,36204,1572,80.41,79.52,176744
2023,167,36205,37854,1650,79.52,78.58,176744
2023,166,37855,39490,1636,78.58,77.66,176744
2023,165,39491,41195,1705,77.66,76.69,176744
2023,164,41196,42974,1779,76.69,75.69,176744
2023,163,42975,44726,1752,75.69,74.7,176744
2023,162,44727,46487,1761,74.69,73.7,176744
2023,161,46488,48293,1806,73.7,72.68,176744
2023,160,48294,50153,1860,72.68,71.62,176744
2023,159,50154,52043,1890,71.62,70.56,176744
2023,158,52044,53910,1867,70.55,69.5,176744
2023,157,53911,55835,1925,69.5,68.41,176744
2023,156,55836,57809,1974,68.41,67.29,176744
2023,155,57810,59759,1950,67.29,66.19,176744
2023,154,59760,61791,2032,66.19,65.04,176744
2023,153,61792,63860,2069,65.04,63.87,176744
2023,152,63861,65852,1992,63.87,62.74,176744
2023,151,65853,67922,2070,62.74,61.57,176744
2023,150,67923,69996,2074,61.57,60.4,176744
2023,149,69997,72058,2062,60.4,59.23,176744
2023,148,72059,74207,2149,59.23,58.01,176744
2023,147,74208,76242,2035,58.01,56.86,176744
2023,146,76243,78343,2101,56.86,55.67,176744
2023,145,78344,80506,2163,55.67,54.45,176744
2023,144,80507,82658,2152,54.45,53.23,176744
2023,143,82659,84804,2146,53.23,52.02,176744
2023,142,84805,87049,2245,52.02,50.75,176744
2023,141,87050,89239,2190,50.75,49.51,176744
2023,140,89240,91548,2309,49.51,48.2,176744
2023,139,91549,93761,2213,48.2,46.95,176744
2023,138,93762,96050,2289,46.95,45.66,176744
2023,137,96051,98212,2162,45.66,44.43,176744
2023,136,98213,100540,2328,44.43,43.12,176744
2023,135,100541,102842,2302,43.12,41.81,176744
2023,134,102843,105088,2246,41.81,40.54,176744
2023,133,105089,107338,2250,40.54,39.27,176744
2023,132,107339,109544,2206,39.27,38.02,176744
2023,131,109545,111892,2348,38.02,36.69,176744
2023,130,111893,114134,2242,36.69,35.42,176744
2023,129,114135,116351,2217,35.42,34.17,176744
2023,128,116352,118612,2261,34.17,32.89,176744
2023,127,118613,120783,2171,32.89,31.66,176744
2023,126,120784,123005,2222,31.66,30.41,176744
2023,125,123006,125171,2166,30.4,29.18,176744
2023,124,125172,127318,2147,29.18,27.97,176744
2023,123,127319,129556,2238,27.96,26.7,176744
2023,122,129557,131679,2123,26.7,25.5,176744
2023,121,131680,133869,2190,25.5,24.26,176744
2023,120,133870,135911,2042,24.26,23.1,176744
2023,119,135912,138009,2098,23.1,21.92,176744
2023,118,138010,140000,1991,21.92,20.79,176744
2023,117,140001,141918,1918,20.79,19.7,176744
2023,116,141919,143846,1928,19.7,18.61,176744
2023,115,143847,145717,1871,18.61,17.56,176744
2023,114,145718,147487,1770,17.55,16.55,176744
2023,113,147488,149236,1749,16.55,15.56,176744
2023,112,149237,150916,1680,15.56,14.61,176744
2023,111,150917,152603,1687,14.61,13.66,176744
2023,110,152604,154251,1648,13.66,12.73,176744
2023,109,154252,155800,1549,12.73,11.85,176744
2023,108,155801,157385,1585,11.85,10.95,176744
2023,107,157386,158934,1549,10.95,10.08,176744
2023,106,158935,160209,1275,10.08,9.36,176744
2023,105,160210,161508,1299,9.36,8.62,176744
2023,104,161509,162804,1296,8.62,7.89,176744
2023,103,162805,164040,1236,7.89,7.19,176744
2023,102,164041,165112,1072,7.19,6.58,176744
2023,101,165113,166200,1088,6.58,5.97,176744
2023,100,166201,167214,1014,5.97,5.39,176744
2023,99,167215,168183,969,5.39,4.84,176744
2023,98,168184,169036,853,4.84,4.36,176744
2023,97,169037,169874,838,4.36,3.89,176744
2023,96,169875,170654,780,3.89,3.45,176744
2023,95,170655,171428,774,3.45,3.01,176744
2023,94,171429,172150,722,3.01,2.6,176744
2023,93,172151,172803,653,2.6,2.23,176744
2023,92,172804,173404,601,2.23,1.89,176744
2023,91,173405,173978,574,1.89,1.57,176744
2023,90,173979,174497,519,1.56,1.27,176744
2023,89,174498,175002,505,1.27,0.99,176744
2023,88,175003,175351,349,0.99,0.79,176744
2023,87,175352,175779,428,0.79,0.55,176744
2023,86,175780,175946,167,0.55,0.45,176744
2023,85,175947,176196,250,0.45,0.31,176744
2023,84,176197,176321,125,0.31,0.24,176744
2023,83,176322,176407,86,0.24,0.19,176744
2023,82,176408,176579,172,0.19,0.09,176744
2023,81,176580,176623,44,0.09,0.07,176744
2023,80,176624,176729,106,0.07,0.01,176744
2023,79,176730,176737,8,0.01,0.0,176744
2023,78,176738,176743,6,0.0,0.0,176744
2023,77,176744,176744,1,0.0,0.0,176744
2022,200,1,132,132,100.0,99.92,156278
2022,199,133,465,333,99.92,99.7,156278
2022,198,466,957,492,99.7,99.39,156278
2022,197,958,1604,647,99.39,98.97,156278
2022,196,1605,2302,698,98.97,98.53,156278
2022,195,2303,3018,716,98.53,98.07,156278
2022,194,3019,3876,858,98.07,97.52,156278
2022,193,3877,4815,939,97.52,96.92,156278
2022,192,4816,5872,1057,96.92,96.24,156278
2022,191,5873,7027,1155,96.24,95.5,156278
2022,190,7028,8299,1272,95.5,94.69,156278
2022,189,8300,9508,1209,94.69,93.92,156278
2022,188,9509,10719,1211,93.92,93.14,156278
2022,187,10720,11959,1240,93.14,92.35,156278
2022,186,11960,13177,1218,92.35,91.57,156278
2022,185,13178,14436,1259,91.57,90.76,156278
2022,184,14437,15661,1225,90.76,89.98,156278
2022,183,15662,16948,1287,89.98,89.16,156278
2022,182,16949,18208,1260,89.16,88.35,156278
2022,181,18209,19441,1233,88.35,87.56,156278
2022,180,19442,20737,1296,87.56,86.73,156278
2022,179,20738,22097,1360,86.73,85.86,156278
2022,178,22098,23493,1396,85.86,84.97,156278
2022,177,23494,24943,1450,84.97,84.04,156278
2022,176,24944,26418,1475,84.04,83.1,156278
2022,175,26419,27756,1338,83.1,82.24,156278
2022,174,27757,29275,1519,82.24,81.27,156278
2022,173,29276,30741,1466,81.27,80.33,156278
2022,172,30742,32196,1455,80.33,79.4,156278
2022,171,32197,33687,1491,79.4,78.44,156278
2022,170,33688,35103,1416,78.44,77.54,156278
2022,169,35104,36622,1519,77.54,76.57,156278
2022,168,36623,38073,1451,76.57,75.64,156278
2022,167,38074,39618,1545,75.64,74.65,156278
2022,166,39619,41140,1522,74.65,73.68,156278
2022,165,41141,42622,1482,73.68,72.73,156278
2022,164,42623,44094,1472,72.73,71.79,156278
2022,163,44095,45578,1484,71.78,70.84,156278
2022,162,45579,47153,1575,70.84,69.83,156278
2022,161,47154,48645,1492,69.83,68.87,156278
2022,160,48646,50208,1563,68.87,67.87,156278
2022,159,50209,51670,1462,67.87,66.94,156278
2022,158,51671,53214,1544,66.94,65.95,156278
2022,157,53215,54633,1419,65.95,65.04,156278
2022,156,54634,56109,1476,65.04,64.1,156278
2022,155,56110,57579,1470,64.1,63.16,156278
2022,154,57580,59070,1491,63.16,62.2,156278
2022,153,59071,60564,1494,62.2,61.25,156278
2022,152,60565,62100,1536,61.25,60.26,156278
2022,151,62101,63567,1467,60.26,59.33,156278
2022,150,63568,65028,1461,59.32,58.39,156278
2022,149,65029,66494,1466,58.39,57.45,156278
2022,148,66495,67995,1501,57.45,56.49,156278
2022,147,67996,69513,1518,56.49,55.52,156278
2022,146,69514,71006,1493,55.52,54.56,156278
2022,145,71007,72469,1463,54.56,53.63,156278
2022,144,72470,73983,1514,53.63,52.66,156278
2022,143,73984,75500,1517,52.66,51.69,156278
2022,142,75501,77025,1525,51.69,50.71,156278
2022,141,77026,78607,1582,50.71,49.7,156278
2022,140,78608,80104,1497,49.7,48.74,156278
2022,139,80105,81642,1538,48.74,47.76,156278
2022,138,81643,83115,1473,47.76,46.82,156278
2022,137,83116,84564,1449,46.82,45.89,156278
2022,136,84565,86059,1495,45.89,44.93,156278
2022,135,86060,87596,1537,44.93,43.95,156278
2022,134,87597,89141,1545,43.95,42.96,156278
2022,133,89142,90674,1533,42.96,41.98,156278
2022,132,90675,92264,1590,41.98,40.96,156278
2022,131,92265,93842,1578,40.96,39.95,156278
2022,130,93843,95415,1573,39.95,38.95,156278
2022,129,95416,96892,1477,38.95,38.0,156278
2022,128,96893,98366,1474,38.0,37.06,156278
2022,127,98367,99802,1436,37.06,36.14,156278
2022,126,99803,101352,1550,36.14,35.15,156278
2022,125,101353,102872,1520,35.15,34.17,156278
2022,124,102873,104443,1571,34.17,33.17,156278
2022,123,104444,105972,1529,33.17,32.19,156278
2022,122,105973,107493,1521,32.19,31.22,156278
2022,121,107494,108938,1445,31.22,30.29,156278
2022,120,108939,110404,1466,30.29,29.35,156278
2022,119,110405,111823,1419,29.35,28.45,156278
2022,118,111824,113239,1416,28.45,27.54,156278
2022,117,113240,114648,1409,27.54,26.64,156278
2022,116,114649,116108,1460,26.64,25.7,156278
2022,115,116109,117511,1403,25.7,24.81,156278
2022,114,117512,118968,1457,24.81,23.87,156278
2022,113,118969,120386,1418,23.87,22.97,156278
2022,112,120387,121810,1424,22.97,22.06,156278
2022,111,121811,123129,1319,22.06,21.21,156278
2022,110,123130,124444,1315,21.21,20.37,156278
2022,109,124445,125731,1287,20.37,19.55,156278
2022,108,125732,127067,1336,19.55,18.69,156278
2022,107,127068,128361,1294,18.69,17.86,156278
2022,106,128362,129703,1342,17.86,17.01,156278
2022,105,129704,130934,1231,17.0,16.22,156278
2022,104,130935,132127,1193,16.22,15.45,156278
2022,103,132128,133354,1227,15.45,14.67,156278
2022,102,133355,134602,1248,14.67,13.87,156278
2022,101,134603,135719,1117,13.87,13.16,156278
2022,100,135720,136864,1145,13.16,12.42,156278
2022,99,136865,138005,1141,12.42,11.69,156278
2022,98,138006,139089,1084,11.69,11.0,156278
2022,97,139090,140195,1106,11.0,10.29,156278
2022,96,140196,141239,1044,10.29,9.62,156278
2022,95,141240,142328,1089,9.62,8.93,156278
2022,94,142329,143394,1066,8.93,8.24,156278
2022,93,143395,144417,1023,8.24,7.59,156278
2022,92,144418,145401,984,7.59,6.96,156278
2022,91,145402,146417,1016,6.96,6.31,156278
2022,90,146418,147407,990,6.31,5.68,156278
2022,89,147408,148376,969,5.68,5.06,156278
2022,88,148377,149289,913,5.06,4.47,156278
2022,87,149290,150233,944,4.47,3.87,156278
2022,86,150234,151172,939,3.87,3.27,156278
2022,85,151173,152044,872,3.27,2.71,156278
2022,84,152045,152870,826,2.71,2.18,156278
2022,83,152871,153643,773,2.18,1.69,156278
2022,82,153644,154384,741,1.69,1.21,156278
2022,81,154385,155151,767,1.21,0.72,156278
2022,80,155152,156185,1034,0.72,0.06,156278
2022,79,156186,156241,56,0.06,0.02,156278
2022,78,156242,156269,28,0.02,0.01,156278
2022,77,156270,156278,9,0.01,0.0,156278
2021,200,1,13,13,100.0,99.99,136973
2021,199,14,50,37,99.99,99.96,136973
2021,198,51,217,167,99.96,99.84,136973
2021,197,218,471,254,99.84,99.66,136973
2021,196,472,809,338,99.66,99.41,136973
2021,195,810,1330,521,99.41,99.03,136973
2021,194,1331,2070,740,99.03,98.49,136973
2021,193,2071,3016,946,98.49,97.8,136973
2021,192,3017,4354,1338,97.8,96.82,136973
2021,191,4355,5685,1331,96.82,95.85,136973
2021,190,5686,7513,1828,95.85,94.52,136973
2021,189,7514,9223,1710,94.51,93.27,136973
2021,188,9224,11024,1801,93.27,91.95,136973
2021,187,11025,12886,1862,91.95,90.59,136973
2021,186,12887,14791,1905,90.59,89.2,136973
2021,185,14792,16840,2049,89.2,87.71,136973
2021,184,16841,19086,2246,87.71,86.07,136973
2021,183,19087,21333,2247,86.07,84.43,136973
2021,182,21334,23695,2362,84.43,82.7,136973
2021,181,23696,26179,2484,82.7,80.89,136973
2021,180,26180,28740,2561,80.89,79.02,136973
2021,179,28741,31345,2605,79.02,77.12,136973
2021,178,31346,33952,2607,77.12,75.21,136973
2021,177,33953,36723,2771,75.21,73.19,136973
2021,176,36724,39569,2846,73.19,71.11,136973
2021,175,39570,42363,2794,71.11,69.07,136973
2021,174,42364,45228,2865,69.07,66.98,136973
2021,173,45229,48180,2952,66.98,64.83,136973
2021,172,48181,51092,2912,64.83,62.7,136973
2021,171,51093,54078,2986,62.7,60.52,136973
2021,170,54079,57017,2939,60.52,58.37,136973
2021,169,57018,59978,2961,58.37,56.21,136973
2021,168,59979,62963,2985,56.21,54.03,136973
2021,167,62964,65958,2995,54.03,51.85,136973
2021,166,65959,68985,3027,51.85,49.64,136973
2021,165,68986,71960,2975,49.64,47.46,136973
2021,164,71961,74804,2844,47.46,45.39,136973
2021,163,74805,77660,2856,45.39,43.3,136973
2021,162,77661,80613,2953,43.3,41.15,136973
2021,161,80614,83338,2725,41.15,39.16,136973
2021,160,83339,86126,2788,39.16,37.12,136973
2021,159,86127,88653,2527,37.12,35.28,136973
2021,158,88654,91256,2603,35.28,33.38,136973
2021,157,91257,93766,2510,33.38,31.54,136973
2021,156,93767,96282,2516,31.54,29.71,136973
2021,155,96283,98600,2318,29.71,28.02,136973
2021,154,98601,100919,2319,28.02,26.32,136973
2021,153,100920,103002,2083,26.32,24.8,136973
2021,152,103003,105095,2093,24.8,23.27,136973
2021,151,105096,107122,2027,23.27,21.79,136973
2021,150,107123,109056,1934,21.79,20.38,136973
2021,149,109057,110868,1812,20.38,19.06,136973
2021,148,110869,112620,1752,19.06,17.78,136973
2021,147,112621,114242,1622,17.78,16.6,136973
2021,146,114243,115820,1578,16.6,15.44,136973
2021,145,115821,117318,1498,15.44,14.35,136973
2021,144,117319,118661,1343,14.35,13.37,136973
2021,143,118662,119991,1330,13.37,12.4,136973
2021,142,119992,121270,1279,12.4,11.47,136973
2021,141,121271,122352,1082,11.46,10.68,136973
2021,140,122353,123395,1043,10.67,9.91,136973
2021,139,123396,124411,1016,9.91,9.17,136973
2021,138,124412,125403,992,9.17,8.45,136973
2021,137,125404,126265,862,8.45,7.82,136973
2021,136,126266,127041,776,7.82,7.25,136973
2021,135,127042,127797,756,7.25,6.7,136973
2021,134,127798,128507,710,6.7,6.18,136973
2021,133,128508,129132,625,6.18,5.73,136973
2021,132,129133,129729,597,5.72,5.29,136973
2021,131,129730,130233,504,5.29,4.92,136973
2021,130,130234,130714,481,4.92,4.57,136973
2021,129,130715,131149,435,4.57,4.25,136973
2021,128,131150,131589,440,4.25,3.93,136973
2021,127,131590,131965,376,3.93,3.66,136973
2021,126,131966,132347,382,3.66,3.38,136973
2021,125,132348,132681,334,3.38,3.13,136973
2021,124,132682,133011,330,3.13,2.89,136973
2021,123,133012,133329,318,2.89,2.66,136973
2021,122,133330,133606,277,2.66,2.46,136973
2021,121,133607,133832,226,2.46,2.29,136973
2021,120,133833,134053,221,2.29,2.13,136973
2021,119,134054,134228,175,2.13,2.0,136973
2021,118,134229,134404,176,2.0,1.88,136973
2021,117,134405,134563,159,1.88,1.76,136973
2021,116,134564,134697,134,1.76,1.66,136973
2021,115,134698,134813,116,1.66,1.58,136973
2021,114,134814,134931,118,1.58,1.49,136973
2021,113,134932,135019,88,1.49,1.43,136973
2021,112,135020,135114,95,1.43,1.36,136973
2021,111,135115,135195,81,1.36,1.3,136973
2021,110,135196,135278,83,1.3,1.24,136973
2021,109,135279,135347,69,1.24,1.19,136973
2021,108,135348,135392,45,1.19,1.15,136973
2021,107,135393,135454,62,1.15,1.11,136973
2021,106,135455,135512,58,1.11,1.07,136973
2021,105,135513,135566,54,1.07,1.03,136973
2021,104,135567,135612,46,1.03,0.99,136973
2021,103,135613,135659,47,0.99,0.96,136973
2021,102,135660,135701,42,0.96,0.93,136973
2021,101,135702,135740,39,0.93,0.9,136973
2021,100,135741,135779,39,0.9,0.87,136973
2021,99,135780,135811,32,0.87,0.85,136973
2021,98,135812,135869,58,0.85,0.81,136973
2021,97,135870,135928,59,0.81,0.76,136973
2021,96,135929,135972,44,0.76,0.73,136973
2021,95,135973,136015,43,0.73,0.7,136973
2021,94,136016,136066,51,0.7,0.66,136973
2021,93,136067,136116,50,0.66,0.63,136973
2021,92,136117,136176,60,0.63,0.58,136973
2021,91,136177,136221,45,0.58,0.55,136973
2021,90,136222,136268,47,0.55,0.52,136973
2021,89,136269,136326,58,0.51,0.47,136973
2021,88,136327,136382,56,0.47,0.43,136973
2021,87,136383,136443,61,0.43,0.39,136973
2021,86,136444,136508,65,0.39,0.34,136973
2021,85,136509,136564,56,0.34,0.3,136973
2021,84,136565,136627,63,0.3,0.25,136973
2021,83,136628,136703,76,0.25,0.2,136973
2021,82,136704,136774,71,0.2,0.15,136973
2021,81,136775,136846,72,0.15,0.09,136973
2021,80,136847,136942,96,0.09,0.02,136973
2021,79,136943,136957,15,0.02,0.01,136973
2021,78,136958,136970,13,0.01,0.0,136973
2021,77,136971,136973,3,0.0,0.0,136973
2020,199,1,17,17,100.0,99.99,110873
2020,198,18,57,40,99.98,99.95,110873
2020,197,58,128,71,99.95,99.89,110873
2020,196,129,243,115,99.88,99.78,110873
2020,195,244,397,154,99.78,99.64,110873
2020,194,398,620,223,99.64,99.44,110873
2020,193,621,865,245,99.44,99.22,110873
2020,192,866,1210,345,99.22,98.91,110873
2020,191,1211,1640,430,98.91,98.52,110873
2020,190,1641,3445,1805,98.52,96.89,110873
2020,189,3446,4091,646,96.89,96.31,110873
2020,188,4092,4688,597,96.31,95.77,110873
2020,187,4689,5180,492,95.77,95.33,110873
2020,186,5181,5738,558,95.33,94.83,110873
2020,185,5739,6254,516,94.82,94.36,110873
2020,184,6255,6790,536,94.36,93.88,110873
2020,183,6791,7346,556,93.88,93.38,110873
2020,182,7347,7943,597,93.37,92.84,110873
2020,181,7944,8532,589,92.84,92.31,110873
2020,180,8533,9119,587,92.3,91.78,110873
2020,179,9120,9711,592,91.78,91.24,110873
2020,178,9712,10319,608,91.24,90.69,110873
2020,177,10320,10953,634,90.69,90.12,110873
2020,176,10954,11601,648,90.12,89.54,110873
2020,175,11602,12263,662,89.54,88.94,110873
2020,174,12264,12877,614,88.94,88.39,110873
2020,173,12878,13518,641,88.39,87.81,110873
2020,172,13519,14227,709,87.81,87.17,110873
2020,171,14228,14856,629,87.17,86.6,110873
2020,170,14857,15551,695,86.6,85.97,110873
2020,169,15552,16259,708,85.97,85.34,110873
2020,168,16260,16980,721,85.34,84.69,110873
2020,167,16981,17691,711,84.69,84.04,110873
2020,166,17692,18440,749,84.04,83.37,110873
2020,165,18441,19165,725,83.37,82.72,110873
2020,164,19166,19915,750,82.71,82.04,110873
2020,163,19916,20658,743,82.04,81.37,110873
2020,162,20659,21421,763,81.37,80.68,110873
2020,161,21422,22204,783,80.68,79.97,110873
2020,160,22205,22999,795,79.97,79.26,110873
2020,159,23000,23771,772,79.26,78.56,110873
2020,158,23772,24605,834,78.56,77.81,110873
2020,157,24606,25401,796,77.81,77.09,110873
2020,156,25402,26223,822,77.09,76.35,110873
2020,155,26224,27052,829,76.35,75.6,110873
2020,154,27053,27897,845,75.6,74.84,110873
2020,153,27898,28681,784,74.84,74.13,110873
2020,152,28682,29520,839,74.13,73.38,110873
2020,151,29521,30387,867,73.37,72.59,110873
2020,150,30388,31229,842,72.59,71.83,110873
2020,149,31230,32105,876,71.83,71.04,110873
2020,148,32106,32968,863,71.04,70.27,110873
2020,147,32969,33861,893,70.27,69.46,110873
2020,146,33862,34733,872,69.46,68.67,110873
2020,145,34734,35614,881,68.67,67.88,110873
2020,144,35615,36526,912,67.88,67.06,110873
2020,143,36527,37454,928,67.06,66.22,110873
2020,142,37455,38395,941,66.22,65.37,110873
2020,141,38396,39360,965,65.37,64.5,110873
2020,140,39361,40303,943,64.5,63.65,110873
2020,139,40304,41189,886,63.65,62.85,110873
2020,138,41190,42192,1003,62.85,61.95,110873
2020,137,42193,43205,1013,61.95,61.03,110873
2020,136,43206,44246,1041,61.03,60.09,110873
2020,135,44247,45302,1056,60.09,59.14,110873
2020,134,45303,46311,1009,59.14,58.23,110873
2020,133,46312,47340,1029,58.23,57.3,110873
2020,132,47341,48394,1054,57.3,56.35,110873
2020,131,48395,49399,1005,56.35,55.45,110873
2020,130,49400,50426,1027,55.45,54.52,110873
2020,129,50427,51482,1056,54.52,53.57,110873
2020,128,51483,52642,1160,53.57,52.52,110873
2020,127,52643,53672,1030,52.52,51.59,110873
2020,126,53673,54783,1111,51.59,50.59,110873
2020,125,54784,55819,1036,50.59,49.66,110873
2020,124,55820,56868,1049,49.66,48.71,110873
2020,123,56869,58013,1145,48.71,47.68,110873
2020,122,58014,59139,1126,47.68,46.66,110873
2020,121,59140,60229,1090,46.66,45.68,110873
2020,120,60230,61325,1096,45.68,44.69,110873
2020,119,61326,62402,1077,44.69,43.72,110873
2020,118,62403,63485,1083,43.72,42.74,110873
2020,117,63486,64612,1127,42.74,41.73,110873
2020,116,64613,65685,1073,41.72,40.76,110873
2020,115,65686,66864,1179,40.76,39.69,110873
2020,114,66865,68027,1163,39.69,38.65,110873
2020,113,68028,69179,1152,38.64,37.61,110873
2020,112,69180,70299,1120,37.61,36.6,110873
2020,111,70300,71465,1166,36.6,35.54,110873
2020,110,71466,72589,1124,35.54,34.53,110873
2020,109,72590,73749,1160,34.53,33.48,110873
2020,108,73750,74948,1199,33.48,32.4,110873
2020,107,74949,76149,1201,32.4,31.32,110873
2020,106,76150,77321,1172,31.32,30.26,110873
2020,105,77322,78485,1164,30.26,29.21,110873
2020,104,78486,79643,1158,29.21,28.17,110873
2020,103,79644,80802,1159,28.17,27.12,110873
2020,102,80803,82003,1201,27.12,26.04,110873
2020,101,82004,83125,1122,26.04,25.03,110873
2020,100,83126,84339,1214,25.03,23.93,110873
2020,99,84340,85546,1207,23.93,22.84,110873
2020,98,85547,86782,1236,22.84,21.73,110873
2020,97,86783,87995,1213,21.73,20.64,110873
2020,96,87996,89152,1157,20.63,19.59,110873
2020,95,89153,90351,1199,19.59,18.51,110873
2020,94,90352,91532,1181,18.51,17.45,110873
2020,93,91533,92771,1239,17.44,16.33,110873
2020,92,92772,94019,1248,16.33,15.2,110873
2020,91,94020,95247,1228,15.2,14.09,110873
2020,90,95248,96463,1216,14.09,13.0,110873
2020,89,96464,97724,1261,13.0,11.86,110873
2020,88,97725,98975,1251,11.86,10.73,110873
2020,87,98976,100214,1239,10.73,9.61,110873
2020,86,100215,101488,1274,9.61,8.47,110873
2020,85,101489,102737,1249,8.46,7.34,110873
2020,84,102738,104019,1282,7.34,6.18,110873
2020,83,104020,105385,1366,6.18,4.95,110873
2020,82,105386,106717,1332,4.95,3.75,110873
2020,81,106718,108107,1390,3.75,2.5,110873
2020,80,108108,110583,2476,2.49,0.26,110873
2020,79,110584,110800,217,0.26,0.07,110873
2020,78,110801,110866,66,0.07,0.01,110873
2020,77,110867,110873,7,0.01,0.0,110873
